model,auc,ci_lower,ci_upper,p_value
Logistic Regression,0.8483,0.8282,0.8686,
Random Forest,0.8451,0.8250839999999999,0.862716,0.0155
Gradient Boosting,0.8473,0.827388,0.8654120000000001,0.1304
